<?xml version="1.0" encoding="utf-8" ?><dwsync><file name="Assignments.png" server="cdaftp.concordia.ca" local="3620654861" remote="3620656407" Dst="-1" /><file name="hAssignements.png" server="cdaftp.concordia.ca" local="3620654877" remote="3620656407" Dst="-1" /><file name="Presentation.png" server="cdaftp.concordia.ca" local="3620654758" remote="3620656407" Dst="-1" /><file name="hPresentation.png" server="cdaftp.concordia.ca" local="3620654738" remote="3620656407" Dst="-1" /><file name="Project.png" server="cdaftp.concordia.ca" local="3620654820" remote="3620656407" Dst="-1" /><file name="hProject.png" server="cdaftp.concordia.ca" local="3620654840" remote="3620656407" Dst="-1" /><file name="Reflections.png" server="cdaftp.concordia.ca" local="3620654798" remote="3620656407" Dst="-1" /><file name="hReflections.png" server="cdaftp.concordia.ca" local="3620654782" remote="3620656407" Dst="-1" /><file name="CART351img.psd" server="cdaftp.concordia.ca" local="3620654689" remote="3620656407" Dst="-1" /><file name="IconDesign.png" server="cdaftp.concordia.ca" local="3620654938" remote="3620656407" Dst="-1" /><file name="ArianaHipsaghIcon.jpg" server="cdaftp.concordia.ca" local="3620657075" remote="3620658145" Dst="-1" /></dwsync>