<?xml version="1.0" encoding="utf-8" ?><dwsync><file name="Assignments.png" server="cdaftp.concordia.ca" local="3620654861" remote="3620656407" Dst="-1" /><file name="hAssignements.png" server="cdaftp.concordia.ca" local="3620654877" remote="3620656407" Dst="-1" /><file name="Presentation.png" server="cdaftp.concordia.ca" local="3620654758" remote="3620656407" Dst="-1" /><file name="hPresentation.png" server="cdaftp.concordia.ca" local="3620654738" remote="3620656407" Dst="-1" /><file name="Project.png" server="cdaftp.concordia.ca" local="3620654820" remote="3620656407" Dst="-1" /><file name="hProject.png" server="cdaftp.concordia.ca" local="3620654840" remote="3620656407" Dst="-1" /><file name="Reflections.png" server="cdaftp.concordia.ca" local="3620654798" remote="3620656407" Dst="-1" /><file name="hReflections.png" server="cdaftp.concordia.ca" local="3620654782" remote="3620656407" Dst="-1" /><file name="CART351img.psd" server="cdaftp.concordia.ca" local="3620654689" remote="3620656407" Dst="-1" /><file name="IconDesign.png" server="cdaftp.concordia.ca" local="3620654938" remote="3620656407" Dst="-1" /><file name="ArianaHipsaghIcon.jpg" server="cdaftp.concordia.ca" local="3620657075" remote="3620658145" Dst="-1" /><file name="Assignments.png" server="cdaftp.concordia.ca:222" local="3620656407" remote="3620656407" Dst="-1" /><file name="hAssignements.png" server="cdaftp.concordia.ca:222" local="3620656407" remote="3620656407" Dst="-1" /><file name="Presentation.png" server="cdaftp.concordia.ca:222" local="3620656407" remote="3620656407" Dst="-1" /><file name="hPresentation.png" server="cdaftp.concordia.ca:222" local="3620656407" remote="3620656407" Dst="-1" /><file name="Project.png" server="cdaftp.concordia.ca:222" local="3620656407" remote="3620656407" Dst="-1" /><file name="hProject.png" server="cdaftp.concordia.ca:222" local="3620656407" remote="3620656407" Dst="-1" /><file name="Reflections.png" server="cdaftp.concordia.ca:222" local="3620656407" remote="3620656407" Dst="-1" /><file name="hReflections.png" server="cdaftp.concordia.ca:222" local="3620656407" remote="3620656407" Dst="-1" /><file name="ArianaHipsaghIcon.jpg" server="cdaftp.concordia.ca:222" local="3620658145" remote="3620658145" Dst="-1" /><file name="Translation.png" server="cdaftp.concordia.ca:222" local="3622479621" remote="3622479621" Dst="-1" /><file name="Scale.png" server="cdaftp.concordia.ca:222" local="3622479621" remote="3622479621" Dst="-1" /><file name="CART351img.psd" server="cdaftp.concordia.ca:222" local="3620656407" remote="3620656407" Dst="-1" /><file name="IconDesign.png" server="cdaftp.concordia.ca:222" local="3620656407" remote="3620656407" Dst="-1" /><file name="scale.psd" server="cdaftp.concordia.ca:222" local="3622479654" remote="3622479654" Dst="-1" /><file name="Translation.psd" server="cdaftp.concordia.ca:222" local="3622479661" remote="3622479661" Dst="-1" /><file name="SB1.png" server="cdaftp.concordia.ca:222" local="3624291125" remote="3624294006" Dst="-1" /><file name="SB2.png" server="cdaftp.concordia.ca:222" local="3624291136" remote="3624294006" Dst="-1" /><file name="SB3.png" server="cdaftp.concordia.ca:222" local="3624291147" remote="3624294006" Dst="-1" /><file name="SB4.png" server="cdaftp.concordia.ca:222" local="3624291160" remote="3624294006" Dst="-1" /><file name="SB5.png" server="cdaftp.concordia.ca:222" local="3624291172" remote="3624294006" Dst="-1" /><file name="SB6.png" server="cdaftp.concordia.ca:222" local="3624291184" remote="3624294006" Dst="-1" /><file name="R1.png" server="cdaftp.concordia.ca:222" local="3624291874" remote="3624294006" Dst="-1" /><file name="R2.png" server="cdaftp.concordia.ca:222" local="3624291885" remote="3624294006" Dst="-1" /><file name="R3.png" server="cdaftp.concordia.ca:222" local="3624291897" remote="3624294006" Dst="-1" /><file name="R4.png" server="cdaftp.concordia.ca:222" local="3624291907" remote="3624294006" Dst="-1" /><file name="R5.png" server="cdaftp.concordia.ca:222" local="3624291918" remote="3624294006" Dst="-1" /><file name="R6.png" server="cdaftp.concordia.ca:222" local="3624291931" remote="3624294006" Dst="-1" /><file name="R7.png" server="cdaftp.concordia.ca:222" local="3624291962" remote="3624294006" Dst="-1" /><file name="R8.png" server="cdaftp.concordia.ca:222" local="3624291972" remote="3624294006" Dst="-1" /></dwsync>